{
  "format": "pyhfo_kramer_lsm_preset",
  "index_base": 0,
  "mu": {
    "F0": 2.351658463172958,
    "F1": 1.4023021758378256,
    "log_P_9_15_0": -3.821465099160316,
    "log_P_9_15_1": -3.007899961862432,
    "log_P_theta0": -2.837155893572261,
    "log_P_theta1": -3.19355055736753
  },
  "name": "AllAges (Kwon 2023)",
  "params": {
    "nine_15_index": [
      11,
      13
    ],
    "step_duration": 0.1,
    "theta_index": [
      6
    ],
    "window_duration": 0.5
  },
  "schema_version": 1,
  "sigma": {
    "F0": 0.96980605787631,
    "F1": 1.2416789384519362,
    "log_P_9_15_0": 0.7510175516791672,
    "log_P_9_15_1": 0.7155856783522446,
    "log_P_theta0": 0.6808158876709322,
    "log_P_theta1": 0.793079833935643
  },
  "source": "Kwon et al., 2023; authorized for PyHFO bundling",
  "transition_matrix": [
    [
      0.766270079827061,
      0.23372992017293903
    ],
    [
      0.008681089461623492,
      0.9913189105383765
    ]
  ]
}
