{
  "format": "pyhfo_kramer_lsm_preset",
  "index_base": 0,
  "mu": {
    "F0": 2.5089768365045058,
    "F1": 1.8848401623936866,
    "log_P_9_15_0": -3.6180696964558354,
    "log_P_9_15_1": -2.866160826042548,
    "log_P_theta0": -2.886368172422729,
    "log_P_theta1": -3.386347827700343
  },
  "name": "ESES (McLaren 2023)",
  "params": {
    "nine_15_index": [
      11,
      13
    ],
    "step_duration": 0.1,
    "theta_index": [
      6
    ],
    "window_duration": 0.5
  },
  "schema_version": 1,
  "sigma": {
    "F0": 1.097722056366114,
    "F1": 2.5299443954321137,
    "log_P_9_15_0": 0.6981219701204449,
    "log_P_9_15_1": 0.7022958476091505,
    "log_P_theta0": 0.6819029069108475,
    "log_P_theta1": 0.791099371213749
  },
  "source": "McLaren et al., 2023; authorized for PyHFO bundling",
  "transition_matrix": [
    [
      0.6679117491819835,
      0.3320882508180165
    ],
    [
      0.021631892277656717,
      0.9783681077223433
    ]
  ]
}
