{
  "format": "pyhfo_kramer_lsm_preset",
  "index_base": 0,
  "mu": {
    "F0": 2.2893460678566995,
    "F1": 2.7397503377917025,
    "log_P_9_15_0": -3.9847472797901036,
    "log_P_9_15_1": -3.068123312461772,
    "log_P_theta0": -2.815872634930014,
    "log_P_theta1": -3.037698506705852
  },
  "name": "Infant (Berja 2024)",
  "params": {
    "nine_15_index": [
      11,
      13
    ],
    "step_duration": 0.1,
    "theta_index": [
      6
    ],
    "window_duration": 0.5
  },
  "schema_version": 1,
  "sigma": {
    "F0": 1.9818005307732856,
    "F1": 1.463629779056309,
    "log_P_9_15_0": 0.7595313091328652,
    "log_P_9_15_1": 0.6219762593214821,
    "log_P_theta0": 0.6746023179228618,
    "log_P_theta1": 0.7012320434422407
  },
  "source": "Berja et al., 2024; authorized for PyHFO bundling",
  "transition_matrix": [
    [
      0.8146413033537034,
      0.18535869664629656
    ],
    [
      0.0035690451531064094,
      0.9964309548468936
    ]
  ]
}
