{
  "format": "pyhfo_kramer_lsm_preset",
  "index_base": 0,
  "mu": {
    "F0": 2.5015862655508783,
    "F1": 0.6192135152969738,
    "log_P_9_15_0": -3.6634314131574808,
    "log_P_9_15_1": -2.8701594021506858,
    "log_P_theta0": -2.864043808112357,
    "log_P_theta1": -3.2314367640368284
  },
  "name": "Original (Kramer 2021)",
  "params": {
    "nine_15_index": [
      11,
      13
    ],
    "step_duration": 0.1,
    "theta_index": [
      6
    ],
    "window_duration": 0.5
  },
  "schema_version": 1,
  "sigma": {
    "F0": 1.0594051998547327,
    "F1": 1.4939728685923355,
    "log_P_9_15_0": 0.6726252583726142,
    "log_P_9_15_1": 0.6280690472216143,
    "log_P_theta0": 0.6653958404850964,
    "log_P_theta1": 0.7069083474445245
  },
  "source": "Kramer et al., 2021; authorized for PyHFO bundling",
  "transition_matrix": [
    [
      0.5390937821789754,
      0.4609062178210246
    ],
    [
      0.004668279385177554,
      0.9953317206148224
    ]
  ]
}
